Becky LeSabre|Becky Lesabre||Båda matchar Becky LeSabre i extern databas (sim: 1.0)
Fayth DeLuca|Fayth Deluca||Båda matchar Fayth DeLuca i extern databas (sim: 1.0)
Blue Sky|Blue Skye||Båda matchar Blue Skye i extern databas (sim: 1.0)
Velma DeArmond|Velma Dearmond||Båda matchar Velma Dearmond i extern databas (sim: 1.0)
Amber Sky|Amber Skye||Båda matchar Amber Skye i extern databas (sim: 1.0)
Destiny DOA|Destiny Doa||Båda matchar Destiny Doa i extern databas (sim: 1.0)
Pepper XO|Pepper Xo||Båda matchar Pepper XO i extern databas (sim: 1.0)
Tilly McReese|Tilly Mcreese||Båda matchar Tilly McReese i extern databas (sim: 1.0)
ButtSlut Billie|Buttslut Billie||Båda matchar Buttslut Billie i extern databas (sim: 1.0)
Cherry Blossoms|Ms Cherry Blossoms||Båda matchar Ms Cherry Blossoms i extern databas (sim: 1.0)
Coco De Wit|Coco de Wit||Båda matchar Coco De Wit i extern databas (sim: 1.0)
Ice La Fox|Ice la Fox||Båda matchar Ice la Fox i extern databas (sim: 1.0)
Rebecca Steel|Rebecca Steele||Båda matchar Rebecca Steele i extern databas (sim: 1.0)
Sharon Da Vale|Sharon da Vale||Båda matchar Sharon da Vale i extern databas (sim: 1.0)
XWife Karen|Xwife Karen||Båda matchar Xwife Karen i extern databas (sim: 1.0)
Mell Blanco|Mell's Blanco||Båda matchar Mell's Blanco i extern databas (sim: 1.0)
Asa Of Spades|Asa of Spades||Båda matchar Asa of Spades i extern databas (sim: 1.0)
Bebe LeFlour|Bebe Leflour||Båda matchar Bebe LeFlour i extern databas (sim: 1.0)
CJ Bridge|Cj Bridge||Båda matchar CJ Bridge i extern databas (sim: 1.0)
Jamie Reams|Jamie Reamz||Båda matchar Jamie Reamz i extern databas (sim: 1.0)
Cleopatra|Cleopatra Black||Båda matchar Cleopatra Black i extern databas (sim: 1.0)
Lindsey Meadows|lindsey meadows||Båda matchar Lindsey Meadows i extern databas (sim: 1.0)
Liv Wild|Liv Wild Bitch||Båda matchar Liv Wild Bitch i extern databas (sim: 1.0)
AJ Shine|Aj Shine||Båda matchar Aj Shine i extern databas (sim: 1.0)
Marlem|Marlemm||Båda matchar Marlemm i extern databas (sim: 1.0)
Buffy Sinclair|Buffy Sinclaire||Båda matchar Buffy Sinclaire i extern databas (sim: 1.0)
Sasha Fierce|Sasha Fierce Love||Båda matchar Sasha Fierce Love i extern databas (sim: 0.999)
Friday|Linda Friday||Båda matchar Linda Friday i extern databas (sim: 0.999)
Lylith LaVey|Lylith Lavey||Båda matchar Lylith LaVey i extern databas (sim: 0.999)
Shay LaMar|Shay Lamar||Båda matchar Shay Lamar i extern databas (sim: 0.999)
Angel DeLuca|Angel Deluca||Båda matchar Angel Deluca i extern databas (sim: 0.999)
Candi Cox|Candi Coxx||Båda matchar Candi Coxx i extern databas (sim: 0.999)
JoJo Austin|Jojo Austin||Båda matchar JoJo Austin i extern databas (sim: 0.999)
Emma Louise|Emma Louise Bryant||Båda matchar Emma Louise Bryant i extern databas (sim: 0.999)
McKenzee Miles|Mckenzee Miles||Båda matchar McKenzee Miles i extern databas (sim: 0.999)
Matty Mila Perez|Matty Perez||Båda matchar Matty Mila Perez i extern databas (sim: 0.999)
Brooklyn JoLeigh|Brooklyn Joleigh||Båda matchar Brooklyn Joleigh i extern databas (sim: 0.999)
Tatiyana Fox|Tatiyana Foxx||Båda matchar Tatiyana Fox i extern databas (sim: 0.999)
Dan Dangler|The Dan Dangler||Båda matchar The Dan Dangler i extern databas (sim: 0.998)
Marica Chanel|Marica Chanelle||Båda matchar Marica Chanelle i extern databas (sim: 0.998)
Roxy Rockat|Roxy Rocket||Båda matchar Roxy Rocket i extern databas (sim: 0.998)
Amanda S|Amanda Spears||Båda matchar Amanda Spears i extern databas (sim: 0.998)
Valery Summer|Valery Summers||Båda matchar Valery Summer i extern databas (sim: 0.998)
Madison Queen|Madison Quinn||Båda matchar Madison Queen i extern databas (sim: 0.998)
Ali Rose|Ali Rose Roe||Båda matchar Ali Rose Roe i extern databas (sim: 0.998)
Addis Fouche|Addis Fouché||Båda matchar Addis Fouché i extern databas (sim: 0.998)
Claudia KeAloha|Claudia Kealoha||Båda matchar Claudia KeAloha i extern databas (sim: 0.997)
Emily Belle|Emily Bellexx||Båda matchar Emily Bellexx i extern databas (sim: 0.997)
Leah Livingston|Leigh Livingston||Båda matchar Leah Livingston i extern databas (sim: 0.997)
Sincerre LeMore|Sincerre Lemore||Båda matchar Sincerre LeMore i extern databas (sim: 0.997)
Jennifer Lee|Jennifer Lee Madden||Båda matchar Jennifer Lee Madden i extern databas (sim: 0.997)
Roos Van Montfort|Roos van Montfort||Båda matchar Roos van Montfort i extern databas (sim: 0.997)
Bella Star|Bella Starr||Båda matchar Bella Starr i extern databas (sim: 0.997)
Lola Danger|Lola Dangerous||Båda matchar Lola Dangerous i extern databas (sim: 0.997)
Brandi Coxx|Brandi Coxxx||Båda matchar Brandi Coxxx i extern databas (sim: 0.997)
Yasmine De Leon|Yasmine de Leon||Båda matchar Yasmine de Leon i extern databas (sim: 0.996)
Annette HotWife|Annette Hotwife||Båda matchar Annette Hotwife i extern databas (sim: 0.996)
Desiree DeLuca|Desiree Deluca||Båda matchar Desiree Deluca i extern databas (sim: 0.996)
Cherie DeVille|Cherie Deville||Båda matchar Cherie DeVille i extern databas (sim: 0.996)
Jessica DiFeo|Jessica Difeo||Båda matchar Jessica DiFeo i extern databas (sim: 0.996)
Lady LorReign|LorReign||Båda matchar Lady LorReign i extern databas (sim: 0.995)
Judit|Judith||Båda matchar Judith i extern databas (sim: 0.995)
Mia Moon|Mia Moone||Båda matchar Mia Moone i extern databas (sim: 0.995)
Madison Fox|Madison Foxx||Båda matchar Madison Foxx i extern databas (sim: 0.994)
Francesca Sin|Francesca Sins||Båda matchar Francesca Sins i extern databas (sim: 0.993)
Stacey LeAnn|Stacey Leann||Båda matchar Stacey Leann i extern databas (sim: 0.993)
Mischa W|Mischa Wren||Båda matchar Mischa Wren i extern databas (sim: 0.992)
Sabien DeMonia|Sabien Demonia||Båda matchar Sabien DeMonia i extern databas (sim: 0.992)
Sarah Sun|Sarah Sunn||Båda matchar Sarah Sunn i extern databas (sim: 0.992)
Cassidey|Cassidey Rae||Båda matchar Cassidey Rae i extern databas (sim: 0.991)
Jayden Fox|Jayden Foxx||Båda matchar Jayden Foxx i extern databas (sim: 0.99)
Anastasia LaVey|Anastasia Lavey||Båda matchar Anastasia LaVey i extern databas (sim: 0.99)
Riley Shae|Riley Shea||Båda matchar Riley Shea i extern databas (sim: 0.99)
Tsubaki Kato|Tsubaki Katou||Båda matchar Tsubaki Kato i extern databas (sim: 0.989)
Francesca DiCaprio|Francesca Dicaprio||Båda matchar Francesca DiCaprio i extern databas (sim: 0.987)
Kylie Rachel|Kylie Rachelle||Båda matchar Kylie Rachelle i extern databas (sim: 0.986)
Tiffany Sweet|Tiffany Sweets||Båda matchar Tiffany Sweets i extern databas (sim: 0.985)
Catherine De Sade|Catherine de Sade||Båda matchar Catherine de Sade i extern databas (sim: 0.984)
Aja ChaChanhsy|Aja Chachanhsy||Båda matchar Aja Chachanhsy i extern databas (sim: 0.98)
Shania Vega|Shania Vegax||Båda matchar Shania Vega i extern databas (sim: 0.979)
Cara De La Hoyde|Cara de la Hoyde||Båda matchar Cara de la Hoyde i extern databas (sim: 0.977)
SinFul Celeste|Sinful Celeste||Båda matchar SinFul Celeste i extern databas (sim: 0.967)
Polly Pons|Poopea Pons||Båda matchar Polly Pons i extern databas (sim: 0.957)
Assolle|Assolle Nashi||Båda matchar Assolle Nashi i extern databas (sim: 0.841)
Leane|Leane Dimes||Båda matchar Leane Dimes i extern databas (sim: 0.774)
Dana DeArmond|Dana Dearmond||Båda matchar Dana DeArmond i extern databas (sim: 0.76)
